time,lat,lon,alt,Current,RSSI,ECIO,IO,SINR(8),RSRQ,SNR,RSRP,s_pcid,s_rc,s_db,s_lband,s_State,p_pcid,p_rc,p_db,p_lband,E-UTRA band 1: 2100,E-UTRA band 1: 900
n/a,n/a,n/a,0,-50,-50,-2.5,-106,9,-11,28.8,-76,163,3750,10,eutran-8,deconfigured,31,40340,20,eutran-41,[],[]
2021-11-10T07:25:58.000Z,35.38747927,139.4295222,0,-50,-50,-2.5,-106,9,-11,28.8,-76,163,3750,10,eutran-8,deconfigured,31,40340,20,eutran-41,[],[]
2021-11-10T07:25:59.000Z,35.38747927,139.4295222,0,-50,-50,-2.5,-106,9,-11,30,-76,163,3750,10,eutran-8,deconfigured,31,40340,20,eutran-41,[],[]
2021-11-10T07:26:00.000Z,35.38747927,139.4295222,0,-50,-50,-2.5,-106,9,-11,30,-76,163,3750,10,eutran-8,deconfigured,31,40340,20,eutran-41,[],[]
2021-11-10T07:26:01.000Z,35.38747927,139.4295222,0,-50,-50,-2.5,-106,9,-11,28.2,-76,163,3750,10,eutran-8,deconfigured,31,40340,20,eutran-41,[],[]
2021-11-10T07:26:09.000Z,35.38747927,139.4295222,0,-50,-50,-2.5,-106,9,-11,28.2,-76,163,3750,10,eutran-8,deconfigured,31,40340,20,eutran-41,[],[]
2021-11-10T07:26:10.000Z,35.38747927,139.4295222,0,-50,-50,-2.5,-106,9,-11,26.6,-76,163,3750,10,eutran-8,deconfigured,31,40340,20,eutran-41,[],[]
2021-11-10T07:26:18.000Z,35.38747927,139.4295222,0,-50,-50,-2.5,-106,9,-11,26.6,-76,163,3750,10,eutran-8,deconfigured,31,40340,20,eutran-41,[],[]
2021-11-10T07:26:19.000Z,35.38747927,139.4295222,0,-50,-50,-2.5,-106,9,-11,27.8,-76,163,3750,10,eutran-8,deconfigured,31,40340,20,eutran-41,[],[]
2021-11-10T07:26:26.000Z,35.38748266,139.4295306,0,-50,-50,-2.5,-106,9,-11,30,-76,163,3750,10,eutran-8,deconfigured,31,40340,20,eutran-41,[],[]
2021-11-10T07:26:27.000Z,35.38748266,139.4295306,1,-50,-50,-2.5,-106,9,-11,30,-76,163,3750,10,eutran-8,deconfigured,31,40340,20,eutran-41,[],[]
2021-11-10T07:26:28.000Z,35.38748266,139.4295306,21,-59,-59,-2.5,-106,9,-11,4.2,-87,163,3750,10,eutran-8,deconfigured,31,40340,20,eutran-41,[],[]
2021-11-10T07:26:35.000Z,35.38753127,139.4295067,24,-59,-59,-2.5,-106,9,-11,4.2,-87,163,3750,10,eutran-8,deconfigured,31,40340,20,eutran-41,[],[]
2021-11-10T07:26:37.000Z,35.38753464,139.4295126,48,-53,-53,-2.5,-106,9,-11,1,-81,163,3750,10,eutran-8,deconfigured,31,40340,20,eutran-41,[],[]
2021-11-10T07:26:49.000Z,35.38753324,139.429516,62,-53,-53,-2.5,-106,9,-11,-1.6,-81,163,3750,10,eutran-8,deconfigured,31,40340,20,eutran-41,"['\t\tCell [0]:', 36.0, -20.0, -85.9, -54.3, '\t\tCell [1]:', 61.0, -16.6, -79.9, -55.8]","['\t\tCell [0]:', 188.0, -16.4, -79.3, -54.4, '\t\tCell [0]:', '\t\tCell [1]:', '\t\tCell [2]:', '\t\tCell [3]:', '\t\tCell [4]:', '\t\tCell [5]:', '\t\tCell [6]:', '\t\tCell [7]:', '\t\tCell [0]:', '\t\tCell [1]:', '\t\tCell [2]:', '\t\tCell [3]:', '\t\tCell [4]:', '\t\tCell [5]:', '\t\tCell [6]:', '\t\tCell [7]:']"
2021-11-10T07:26:50.000Z,35.38753322,139.4295136,66,-53,-53,-2.5,-106,9,-11,-1.6,-81,163,3750,10,eutran-8,deconfigured,31,40340,20,eutran-41,"['\t\tCell [0]:', 36.0, -19.2, -84.2, -56.1, '\t\tCell [1]:', 61.0, -15.9, -80.5, -56.3, '\t\tCell [2]:', 124.0, -20.0, -84.3, -56.1, '\t\tCell [3]:', 134.0, -20.0, -85.9, -55.9]","['\t\tCell [0]:', 188.0, -13.3, -76.8, -54.7, '\t\tCell [1]:', 106.0, -16.7, -78.6, -54.3, '\t\tCell [0]:', '\t\tCell [1]:', '\t\tCell [2]:', '\t\tCell [3]:', '\t\tCell [4]:', '\t\tCell [5]:', '\t\tCell [6]:', '\t\tCell [7]:', '\t\tCell [0]:', '\t\tCell [1]:', '\t\tCell [2]:', '\t\tCell [3]:', '\t\tCell [4]:', '\t\tCell [5]:', '\t\tCell [6]:', '\t\tCell [7]:']"
2021-11-10T07:26:51.000Z,35.38752924,139.4295196,70,-53,-53,-2.5,-106,9,-16,-3.4,-87,163,3750,10,eutran-8,deconfigured,31,40340,20,eutran-41,"['\tCell [0]:', 36.0, -17.2, -80.9, -44.6, '\tCell [1]:', 61.0, -19.7, -83.9, -56.2, '\t\tCell [0]:', 108.0, -17.7, -76.9, -51.5, '\t\tCell [1]:', 325.0, -13.1, -71.8, -51.5, '\t\tCell [0]:', '\t\tCell [1]:', '\t\tCell [2]:', '\t\tCell [3]:', '\t\tCell [4]:', '\t\tCell [5]:', '\t\tCell [6]:', '\t\tCell [7]:']",[]
2021-11-10T07:27:01.000Z,35.38720911,139.4295051,69,-44,-44,-2.5,-106,9,-16,-5.8,-78,163,3750,10,eutran-8,deconfigured,31,40340,20,eutran-41,"['\tCell [0]:', 36.0, -16.7, -79.6, -44.5, '\tCell [1]:', 51.0, -20.0, -85.0, -56.2, '\tCell [2]:', 61.0, -20.0, -85.4, -55.7, '\tCell [3]:', 172.0, -20.0, -85.8, -56.1, '\tCell [4]:', 137.0, -18.2, -83.4, -56.4]","['\t\tCell [0]:', 188.0, -12.5, -71.1, -50.8, '\t\tCell [0]:', 108.0, -16.1, -78.6, -55.2, '\t\tCell [1]:', 325.0, -14.8, -75.3, -53.3, '\t\tCell [2]:', 326.0, -13.7, -75.2, -53.3, '\t\tCell [0]:', '\t\tCell [1]:', '\t\tCell [2]:', '\t\tCell [3]:', '\t\tCell [4]:', '\t\tCell [5]:', '\t\tCell [6]:', '\t\tCell [7]:']"
2021-11-10T07:27:05.000Z,35.38687545,139.4294632,69,-44,-44,-2.5,-106,9,-16,-6.6,-78,163,3750,10,eutran-8,deconfigured,31,40340,20,eutran-41,"['\tCell [0]:', 36.0, -17.4, -80.6, -44.6, '\tCell [1]:', 61.0, -19.3, -83.6, -55.5, '\tCell [2]:', 137.0, -19.7, -83.3, -55.5]","['\t\tCell [0]:', 188.0, -13.7, -73.6, -52.0, '\t\tCell [0]:', 108.0, -13.2, -74.6, -53.5, '\t\tCell [1]:', 326.0, -14.5, -75.1, -53.2, '\t\tCell [0]:', '\t\tCell [1]:', '\t\tCell [2]:', '\t\tCell [3]:', '\t\tCell [4]:', '\t\tCell [5]:', '\t\tCell [6]:', '\t\tCell [7]:']"
2021-11-10T07:27:06.000Z,35.3867912,139.4294512,70,-44,-44,-2.5,-106,9,-16,-6.6,-78,163,3750,10,eutran-8,deconfigured,31,40340,20,eutran-41,"['\tCell [0]:', 36.0, -17.6, -80.9, -44.4, '\tCell [1]:', 182.0, -20.0, -85.9, -54.9]","['\t\tCell [0]:', 188.0, -16.0, -76.3, -52.5, '\t\tCell [1]:', 131.0, -16.2, -77.2, -51.7, '\t\tCell [0]:', 108.0, -18.0, -80.5, -54.2, '\t\tCell [1]:', 326.0, -13.9, -74.8, -53.1, '\t\tCell [2]:', 40.0, -14.6, -75.9, -53.1, '\t\tCell [0]:', '\t\tCell [1]:', '\t\tCell [2]:', '\t\tCell [3]:', '\t\tCell [4]:', '\t\tCell [5]:', '\t\tCell [6]:', '\t\tCell [7]:']"
2021-11-10T07:27:16.000Z,35.38655145,139.4292577,66,-44,-44,-2.5,-106,9,-16,-4.6,-83,163,3750,10,eutran-8,deconfigured,31,40340,20,eutran-41,"['\tCell [0]:', 36.0, -15.5, -79.5, -45.2]","['\t\tCell [0]:', 109.0, -14.2, -73.4, -51.4, '\t\tCell [0]:', 326.0, -14.2, -72.2, -50.4, '\t\tCell [1]:', 40.0, -10.7, -70.6, -50.4, '\t\tCell [2]:', 108.0, -17.2, -77.6, -52.3, '\t\tCell [0]:', '\t\tCell [1]:', '\t\tCell [2]:', '\t\tCell [3]:', '\t\tCell [4]:', '\t\tCell [5]:', '\t\tCell [6]:', '\t\tCell [7]:']"
2021-11-10T07:27:17.000Z,35.3865622,139.4292661,64,-44,-44,-2.5,-106,9,-16,-4.6,-83,163,3750,10,eutran-8,deconfigured,31,40340,20,eutran-41,[],[]
2021-11-10T07:27:18.000Z,35.3865588,139.4292577,66,-44,-44,-2.5,-106,9,-16,-4.6,-83,163,3750,10,eutran-8,deconfigured,31,40340,20,eutran-41,[],[]
2021-11-10T07:27:19.000Z,35.38653675,139.4292565,65,-44,-44,-2.5,-106,9,-16,0.6,-75,163,3750,10,eutran-8,deconfigured,31,40340,20,eutran-41,[],[]
2021-11-10T07:27:27.000Z,35.38649766,139.4295203,65,-44,-44,-2.5,-106,9,-16,0.8,-75,163,3750,10,eutran-8,deconfigured,31,40340,20,eutran-41,[],[]
2021-11-10T07:27:33.030Z,35.3866118,139.4299251,65,-44,-44,-2.5,-106,9,-16,-2.6,-75,163,3750,10,eutran-8,deconfigured,31,40340,20,eutran-41,[],"['\t\tCell [0]:', '\t\tCell [1]:', '\t\tCell [2]:', '\t\tCell [3]:', '\t\tCell [4]:', '\t\tCell [5]:', '\t\tCell [6]:', '\t\tCell [7]:']"
2021-11-10T07:27:34.000Z,35.38663214,139.4299728,64,-44,-44,-2.5,-106,9,-16,-5.6,-75,163,3750,10,eutran-8,deconfigured,31,40340,20,eutran-41,[],"['\t\tCell [0]:', 188.0, -17.1, -78.0, -51.7, '\t\tCell [1]:', 109.0, -14.7, -74.7, -52.2, '\t\tCell [2]:', 92.0, -18.3, -78.2, -52.2, '\t\tCell [0]:', '\t\tCell [1]:', '\t\tCell [2]:', '\t\tCell [3]:', '\t\tCell [4]:', '\t\tCell [5]:', '\t\tCell [6]:', '\t\tCell [7]:']"
2021-11-10T07:27:39.000Z,35.38665192,139.4300361,63,-44,-44,-2.5,-106,9,-16,-3.8,-75,163,3750,10,eutran-8,deconfigured,31,40340,20,eutran-41,"['\t\tCell [0]:', 29.0, -16.9, -79.8, -55.7]","['\t\tCell [0]:', 188.0, -16.0, -76.4, -52.0, '\t\tCell [0]:', '\t\tCell [1]:', '\t\tCell [2]:', '\t\tCell [3]:', '\t\tCell [4]:', '\t\tCell [5]:', '\t\tCell [6]:', '\t\tCell [7]:']"
2021-11-10T07:27:43.000Z,35.38666266,139.4300445,65,-44,-44,-2.5,-106,9,-16,-6.6,-75,163,3750,10,eutran-8,deconfigured,31,40340,20,eutran-41,"['\t\tCell [0]:', 29.0, -16.6, -79.6, -55.6, '\t\tCell [1]:', 163.0, -18.4, -82.2, -55.8]","['\t\tCell [0]:', 188.0, -15.5, -75.5, -52.3, '\t\tCell [1]:', 109.0, -14.4, -74.7, -52.6, '\t\tCell [0]:', '\t\tCell [1]:', '\t\tCell [2]:', '\t\tCell [3]:', '\t\tCell [4]:', '\t\tCell [5]:', '\t\tCell [6]:', '\t\tCell [7]:']"
2021-11-10T07:27:44.000Z,35.38666266,139.4300445,65,-44,-44,-2.5,-106,9,-16,-3,-75,163,3750,10,eutran-8,deconfigured,31,40340,20,eutran-41,"['\t\tCell [0]:', 29.0, -16.6, -79.9, -55.5]","['\t\tCell [0]:', '\t\tCell [1]:', '\t\tCell [2]:', '\t\tCell [3]:', '\t\tCell [4]:', '\t\tCell [5]:', '\t\tCell [6]:', '\t\tCell [7]:']"
2021-11-10T07:27:49.000Z,35.38666606,139.4300528,63,-44,-44,-2.5,-106,9,-16,-3.8,-75,163,3750,10,eutran-8,deconfigured,31,40340,20,eutran-41,[],"['\t\tCell [0]:', '\t\tCell [1]:', '\t\tCell [2]:', '\t\tCell [3]:', '\t\tCell [4]:', '\t\tCell [5]:', '\t\tCell [6]:', '\t\tCell [7]:']"
2021-11-10T07:27:56.000Z,35.38694312,139.430232,63,-44,-44,-2.5,-106,9,-16,1,-75,163,3750,10,eutran-8,deconfigured,31,40340,20,eutran-41,[],[]
2021-11-10T07:27:57.000Z,35.38695386,139.4302404,65,-44,-44,-2.5,-106,9,-16,1,-75,163,3750,10,eutran-8,deconfigured,31,40340,20,eutran-41,[],[]
2021-11-10T07:27:58.000Z,35.38695726,139.4302487,62,-44,-44,-2.5,-106,9,-16,1.8,-75,163,3750,10,eutran-8,deconfigured,31,40340,20,eutran-41,[],[]
2021-11-10T07:28:10.000Z,35.3869352,139.4302475,66,-44,-44,-2.5,-106,9,-16,1.2,-75,163,3750,10,eutran-8,deconfigured,31,40340,20,eutran-41,[],[]
2021-11-10T07:28:11.000Z,35.3869352,139.4302475,65,-44,-44,-2.5,-106,9,-16,1.2,-75,163,3750,10,eutran-8,deconfigured,31,40340,20,eutran-41,[],[]
2021-11-10T07:28:12.000Z,35.38693917,139.4302404,65,-44,-44,-2.5,-106,9,-16,1.4,-75,163,3750,10,eutran-8,deconfigured,31,40340,20,eutran-41,[],[]
2021-11-10T07:28:13.000Z,35.38693634,139.4302165,66,-44,-44,-2.5,-106,9,-16,1.4,-75,163,3750,10,eutran-8,deconfigured,31,40340,20,eutran-41,[],[]
2021-11-10T07:28:25.000Z,35.38677646,139.4295515,64,-44,-44,-2.5,-106,9,-16,0.8,-75,163,3750,10,eutran-8,deconfigured,31,40340,20,eutran-41,[],[]
2021-11-10T07:28:29.000Z,35.38670809,139.4293055,64,-44,-44,-2.5,-106,9,-16,1.2,-75,163,3750,10,eutran-8,deconfigured,31,40340,20,eutran-41,[],[]
2021-11-10T07:28:30.000Z,35.38669567,139.4292423,66,-44,-44,-2.5,-106,9,-16,0,-75,163,3750,10,eutran-8,deconfigured,31,40340,20,eutran-41,[],"['\t\tCell [0]:', 131.0, -20.0, -81.8, -52.5, '\t\tCell [1]:', 106.0, -16.1, -77.7, -52.5]"
2021-11-10T07:28:31.000Z,35.3866725,139.4291706,67,-44,-44,-2.5,-106,9,-16,0.8,-75,163,3750,10,eutran-8,deconfigured,31,40340,20,eutran-41,[],"['\t\tCell [0]:', 131.0, -19.2, -81.1, -52.8, '\t\tCell [1]:', 106.0, -17.5, -80.2, -52.8]"
2021-11-10T07:28:39.000Z,35.38660694,139.4289474,66,-44,-44,-2.5,-106,9,-16,1.4,-75,163,3750,10,eutran-8,deconfigured,31,40340,20,eutran-41,[],"['\t\tCell [0]:', 163.0, -16.4, -78.7, -52.0, '\t\tCell [1]:', 106.0, -16.9, -78.8, -51.9, '\t\tCell [2]:', 188.0, -20.0, -83.8, -52.4]"
2021-11-10T07:28:40.000Z,35.38660694,139.4289474,67,-44,-44,-2.5,-106,9,-16,1.6,-75,163,3750,10,eutran-8,deconfigured,31,40340,20,eutran-41,[],[]
2021-11-10T07:28:43.000Z,35.38663128,139.4288865,67,-44,-44,-2.5,-106,9,-16,-1.2,-75,163,3750,10,eutran-8,deconfigured,31,40340,20,eutran-41,[],[]
2021-11-10T07:28:52.000Z,35.38676313,139.428606,64,-44,-44,-2.5,-106,9,-11,3,-75,163,3750,10,eutran-8,deconfigured,31,40340,20,eutran-41,[],[]
2021-11-10T07:28:55.000Z,35.38676313,139.428606,64,-44,-44,-2.5,-106,9,-11,1.6,-75,163,3750,10,eutran-8,deconfigured,31,40340,20,eutran-41,[],[]
2021-11-10T07:29:07.000Z,35.38687216,139.4290489,65,-44,-44,-2.5,-106,9,-11,0.8,-75,163,3750,10,eutran-8,deconfigured,31,40340,20,eutran-41,[],"['\t\tCell [0]:', 109.0, -13.9, -72.9, -51.6, '\t\tCell [1]:', 106.0, -16.0, -76.2, -49.8, '\t\tCell [2]:', 180.0, -17.9, -78.0, -50.6, '\t\tCell [0]:', '\t\tCell [1]:', '\t\tCell [2]:', '\t\tCell [3]:', '\t\tCell [4]:', '\t\tCell [5]:', '\t\tCell [6]:', '\t\tCell [7]:']"
2021-11-10T07:29:11.000Z,35.38694053,139.4292949,66,-44,-44,-2.5,-106,9,-11,-2.4,-75,163,3750,10,eutran-8,deconfigured,31,40340,20,eutran-41,[],[]
2021-11-10T07:29:12.000Z,35.38695296,139.4293582,64,-44,-44,-2.5,-106,9,-11,-2.4,-75,163,3750,10,eutran-8,deconfigured,31,40340,20,eutran-41,[],[]
2021-11-10T07:29:13.000Z,35.38697273,139.4294214,64,-44,-44,-2.5,-106,9,-11,1.2,-75,163,3750,10,eutran-8,deconfigured,31,40340,20,eutran-41,"['\t\tCell [0]:', 36.0, -16.3, -79.5, -55.2]","['\t\tCell [0]:', 106.0, -16.0, -77.7, -53.3, '\t\tCell [1]:', 109.0, -13.6, -74.4, -52.6, '\t\tCell [2]:', 163.0, -16.7, -78.3, -53.2, '\t\tCell [0]:', '\t\tCell [1]:', '\t\tCell [2]:', '\t\tCell [3]:', '\t\tCell [4]:', '\t\tCell [5]:', '\t\tCell [6]:', '\t\tCell [7]:']"
2021-11-10T07:29:20.000Z,35.38709251,139.4298727,66,-44,-44,-2.5,-106,9,-16,-3.4,-75,163,3750,10,eutran-8,deconfigured,31,40340,20,eutran-41,[],[]
2021-11-10T07:29:21.000Z,35.3871089,139.4299288,66,-44,-44,-2.5,-106,9,-16,0.2,-75,163,3750,10,eutran-8,deconfigured,31,40340,20,eutran-41,[],[]
2021-11-10T07:29:25.000Z,35.3871733,139.430182,66,-44,-44,-2.5,-106,9,-16,1.4,-75,163,3750,10,eutran-8,deconfigured,31,40340,20,eutran-41,[],[]
2021-11-10T07:29:26.000Z,35.38719647,139.4302536,63,-44,-44,-2.5,-106,9,-16,-2.4,-75,163,3750,10,eutran-8,deconfigured,31,40340,20,eutran-41,[],"['\t\tCell [0]:', 188.0, -16.5, -76.5, -49.2, '\t\tCell [1]:', 109.0, -13.9, -74.4, -49.5, '\t\tCell [2]:', 106.0, -15.3, -75.0, -48.9]"
2021-11-10T07:29:38.000Z,35.38725355,139.4304052,65,-44,-44,-2.5,-106,9,-16,-0.2,-75,163,3750,10,eutran-8,deconfigured,31,40340,20,eutran-41,[],[]
2021-11-10T07:29:39.000Z,35.38729709,139.4304232,65,-44,-44,-2.5,-106,9,-16,-0.2,-75,163,3750,10,eutran-8,deconfigured,31,40340,20,eutran-41,[],"['\t\tCell [0]:', 188.0, -14.1, -75.1, -51.4]"
2021-11-10T07:29:40.000Z,35.38734403,139.4304494,63,-44,-44,-2.5,-106,9,-16,0,-75,163,3750,10,eutran-8,deconfigured,31,40340,20,eutran-41,[],"['\t\tCell [0]:', 109.0, -14.9, -74.1, -49.7]"
2021-11-10T07:29:47.000Z,35.38749953,139.4305283,64,-44,-44,-2.5,-106,9,-16,-5.6,-75,163,3750,10,eutran-8,deconfigured,31,40340,20,eutran-41,"['\t\tCell [0]:', 137.0, -18.0, -81.8, -54.5, '\t\tCell [1]:', 134.0, -17.6, -81.8, -55.1, '\t\tCell [2]:', 195.0, -20.0, -93.8, -43.5]","['\tCell [0]:', 109.0, -13.2, -74.3, -43.2, '\tCell [1]:', 106.0, -18.4, -79.1, -51.4, '\tCell [2]:', 114.0, -19.6, -80.2, -52.1]"
2021-11-10T07:29:48.000Z,35.38749953,139.4305283,65,-44,-44,-2.5,-106,9,-16,-5.6,-75,195,475,15,eutran-1,deconfigured,109,3750,10,eutran-8,"['\t\tCell [0]:', 36.0, -17.3, -82.2, -56.1, '\t\tCell [1]:', 137.0, -16.7, -81.5, -56.7, '\t\tCell [0]:', '\t\tCell [1]:', '\t\tCell [2]:', '\t\tCell [3]:', '\t\tCell [4]:', '\t\tCell [5]:', '\t\tCell [6]:', '\t\tCell [7]:', '\t\tCell [0]:', '\t\tCell [1]:', '\t\tCell [2]:', '\t\tCell [3]:', '\t\tCell [4]:', '\t\tCell [5]:', '\t\tCell [6]:', '\t\tCell [7]:']","['\tCell [0]:', 109.0, -14.5, -75.3, -42.5, '\tCell [1]:', 106.0, -15.4, -76.5, -52.4, '\tCell [2]:', 188.0, -18.7, -79.5, -52.9, '\tCell [3]:', 323.0, -19.2, -80.7, -52.5]"
2021-11-10T07:29:49.000Z,35.38749953,139.4305283,66,-44,-44,-2.5,-106,9,-16,-1.8,-75,195,475,15,eutran-1,deconfigured,109,3750,10,eutran-8,"['\t\tCell [0]:', 36.0, -19.8, -84.1, -56.6, '\t\tCell [1]:', 258.0, -17.0, -80.5, -55.7, '\t\tCell [2]:', 134.0, -19.2, -83.7, -56.4, '\t\tCell [0]:', 326.0, -15.9, -77.0, -52.7, '\t\tCell [1]:', 108.0, -15.0, -77.8, -53.4, '\t\tCell [0]:', '\t\tCell [1]:', '\t\tCell [2]:', '\t\tCell [3]:', '\t\tCell [4]:', '\t\tCell [5]:', '\t\tCell [6]:', '\t\tCell [7]:', '\t\tCell [0]:', '\t\tCell [1]:', '\t\tCell [2]:', '\t\tCell [3]:', '\t\tCell [4]:', '\t\tCell [5]:', '\t\tCell [6]:', '\t\tCell [7]:']","['\tCell [0]:', 109.0, -14.0, -74.9, -42.7, '\tCell [1]:', 188.0, -19.8, -83.0, -53.5, '\tCell [2]:', 131.0, -20.0, -84.6, -53.9]"
2021-11-10T07:29:57.000Z,35.38749558,139.4304328,65,-44,-44,-2.5,-106,9,-16,-4.6,-75,195,475,15,eutran-1,deactivated,109,3750,10,eutran-8,"['\t\tCell [0]:', 36.0, -17.2, -80.5, -55.5, '\t\tCell [1]:', 258.0, -16.8, -80.9, -54.7, '\t\tCell [2]:', 134.0, -17.4, -81.5, -55.3, '\t\tCell [3]:', 81.0, -19.0, -82.3, -55.3, '\t\tCell [4]:', 74.0, -18.5, -82.4, -56.1, '\t\tCell [5]:', 269.0, -19.0, -82.0, -55.0, '\t\tCell [6]:', 0.0, 0.0, 0.0, 0.0, '\t\tCell [0]:', 108.0, -14.7, -77.6, -55.8, '\t\tCell [1]:', 325.0, -17.3, -79.2, -55.4, '\t\tCell [0]:', '\t\tCell [1]:', '\t\tCell [2]:', '\t\tCell [3]:', '\t\tCell [4]:', '\t\tCell [5]:', '\t\tCell [6]:', '\t\tCell [7]:', '\t\tCell [0]:', '\t\tCell [1]:', '\t\tCell [2]:', '\t\tCell [3]:', '\t\tCell [4]:', '\t\tCell [5]:', '\t\tCell [6]:', '\t\tCell [7]:']","['\tCell [0]:', 109.0, -15.4, -75.7, -43.0, '\tCell [1]:', 131.0, -20.0, -82.0, -52.5, '\tCell [2]:', 188.0, -20.0, -80.9, -52.2]"
2021-11-10T07:29:58.000Z,35.38747919,139.4303767,66,-44,-44,-2.5,-106,9,-16,-5.6,-75,195,475,15,eutran-1,activated,109,3750,10,eutran-8,"['\t\tCell [0]:', 36.0, -17.5, -81.5, -55.4, '\t\tCell [1]:', 184.0, -18.8, -82.7, -56.2, '\t\tCell [2]:', 258.0, -19.1, -81.7, -54.8, '\t\tCell [3]:', 134.0, -18.8, -82.2, -55.6]","['\tCell [0]:', 106.0, -13.7, -73.9, -42.5, '\tCell [1]:', 131.0, -20.0, -81.7, -52.1, '\tCell [2]:', 188.0, -19.1, -80.4, -52.3, '\tCell [3]:', 109.0, -17.8, -79.4, -51.9]"
2021-11-10T07:30:06.000Z,35.38732492,139.4298597,65,-44,-44,-2.5,-106,9,-16,-5.6,-75,287,475,15,eutran-1,deconfigured,106,3750,10,eutran-8,"['\t\tCell [0]:', 36.0, -16.8, -80.7, -56.4, '\t\tCell [1]:', 137.0, -17.7, -81.6, -56.0, '\t\tCell [0]:', '\t\tCell [1]:', '\t\tCell [2]:', '\t\tCell [3]:', '\t\tCell [4]:', '\t\tCell [5]:', '\t\tCell [6]:', '\t\tCell [7]:', '\t\tCell [0]:', '\t\tCell [1]:', '\t\tCell [2]:', '\t\tCell [3]:', '\t\tCell [4]:', '\t\tCell [5]:', '\t\tCell [6]:', '\t\tCell [7]:']","['\tCell [0]:', 106.0, -15.4, -75.8, -44.3, '\tCell [1]:', 131.0, -19.7, -81.1, -54.0, '\tCell [2]:', 188.0, -18.1, -79.3, -53.9]"
2021-11-10T07:30:07.000Z,35.38731249,139.4297964,64,-44,-44,-2.5,-106,9,-16,-3,-75,287,475,15,eutran-1,deconfigured,106,3750,10,eutran-8,"['\t\tCell [0]:', 36.0, -15.5, -79.7, -55.6, '\t\tCell [1]:', 134.0, -16.5, -80.5, -55.1, '\t\tCell [0]:', 108.0, -15.8, -78.1, -53.4, '\t\tCell [1]:', 326.0, -17.6, -77.0, -52.1, '\t\tCell [2]:', 325.0, -11.6, -69.7, -52.1, '\t\tCell [0]:', '\t\tCell [1]:', '\t\tCell [2]:', '\t\tCell [3]:', '\t\tCell [4]:', '\t\tCell [5]:', '\t\tCell [6]:', '\t\tCell [7]:', '\t\tCell [0]:', '\t\tCell [1]:', '\t\tCell [2]:', '\t\tCell [3]:', '\t\tCell [4]:', '\t\tCell [5]:', '\t\tCell [6]:', '\t\tCell [7]:']","['\tCell [0]:', 106.0, -14.8, -75.6, -43.7, '\tCell [1]:', 131.0, -19.0, -79.7, -52.1, '\tCell [2]:', 60.0, -20.0, -83.6, -52.8, '\tCell [3]:', 163.0, -18.5, -78.8, -52.2]"
2021-11-10T07:30:10.000Z,35.38726391,139.4296149,66,-44,-44,-2.5,-106,9,-16,-0.6,-75,287,475,15,eutran-1,deconfigured,325,1675,15,eutran-3,"['\t\tCell [0]:', 134.0, -17.1, -81.6, -55.5]",[]
2021-11-10T07:30:22.000Z,35.38706673,139.4288628,66,-44,-44,-2.5,-106,9,-11,1,-70,287,475,15,eutran-1,deconfigured,325,1675,15,eutran-3,[],[]
2021-11-10T07:30:26.000Z,35.38700175,139.428624,65,-44,-44,-2.5,-106,9,-11,7.2,-70,287,475,15,eutran-1,deconfigured,325,1675,15,eutran-3,[],[]
2021-11-10T07:30:27.000Z,35.38699214,139.4285846,65,-44,-44,-2.5,-106,9,-11,7.2,-70,287,475,15,eutran-1,deconfigured,325,1675,15,eutran-3,[],[]
2021-11-10T07:30:32.000Z,35.38697461,139.4285595,66,-44,-44,-2.5,-106,9,-11,6.8,-70,287,475,15,eutran-1,deconfigured,325,1675,15,eutran-3,[],[]
2021-11-10T07:30:33.000Z,35.38697461,139.4285595,66,-38,-38,-2.5,-106,9,-11,8.8,-65,287,475,15,eutran-1,deconfigured,325,1675,15,eutran-3,[],[]
2021-11-10T07:30:37.000Z,35.38701872,139.4285619,68,-38,-38,-2.5,-106,9,-11,1.6,-71,287,475,15,eutran-1,deconfigured,325,1675,15,eutran-3,[],[]
2021-11-10T07:30:43.000Z,35.38719405,139.4285011,65,-38,-38,-2.5,-106,9,-11,1.6,-71,287,475,15,eutran-1,deconfigured,325,1675,15,eutran-3,[],[]
2021-11-10T07:30:47.000Z,35.3872014,139.4285011,65,-38,-38,-2.5,-106,9,-11,5.8,-71,287,475,15,eutran-1,deconfigured,325,1675,15,eutran-3,[],[]
2021-11-10T07:30:48.000Z,35.3872014,139.4285011,64,-38,-38,-2.5,-106,9,-11,6.4,-71,287,475,15,eutran-1,deconfigured,325,1675,15,eutran-3,[],[]
2021-11-10T07:30:53.000Z,35.38722061,139.4285811,67,-38,-38,-2.5,-106,9,-11,5.4,-71,287,475,15,eutran-1,deconfigured,325,1675,15,eutran-3,[],[]
2021-11-10T07:30:54.000Z,35.38724039,139.4286444,67,-38,-38,-2.5,-106,9,-11,3.2,-71,287,475,15,eutran-1,deconfigured,325,1675,15,eutran-3,[],[]
2021-11-10T07:30:58.000Z,35.38730819,139.4289058,65,-38,-38,-2.5,-106,9,-11,0,-71,287,475,15,eutran-1,deconfigured,325,1675,15,eutran-3,[],[]
2021-11-10T07:31:10.000Z,35.38751952,139.4296759,66,-38,-38,-2.5,-106,9,-11,-1.2,-71,287,475,15,eutran-1,deconfigured,325,1675,15,eutran-3,[],[]
2021-11-10T07:31:11.000Z,35.38753929,139.4297392,66,-38,-38,-2.5,-106,9,-11,-0.6,-71,287,475,15,eutran-1,deconfigured,325,1675,15,eutran-3,[],[]
2021-11-10T07:31:12.000Z,35.38755172,139.4298025,66,-38,-38,-2.5,-106,9,-11,-0.6,-71,287,475,15,eutran-1,deconfigured,325,1675,15,eutran-3,[],[]
2021-11-10T07:31:13.000Z,35.38757546,139.4298586,66,-44,-44,-2.5,-106,9,-11,1.2,-76,287,475,15,eutran-1,deconfigured,325,1675,15,eutran-3,[],[]
2021-11-10T07:31:25.000Z,35.38776925,139.4306036,66,-44,-44,-2.5,-106,9,-11,-2.4,-76,287,475,15,eutran-1,deconfigured,325,1675,15,eutran-3,[],"['\t\tCell [0]:', 109.0, -14.0, -74.8, -49.9]"
2021-11-10T07:31:26.000Z,35.38777207,139.4306275,65,-44,-44,-2.5,-106,9,-11,-2.4,-76,287,475,15,eutran-1,deconfigured,325,1675,15,eutran-3,[],"['\t\tCell [0]:', 109.0, -13.4, -76.0, -50.4]"
2021-11-10T07:31:27.000Z,35.3877749,139.4306513,64,-44,-44,-2.5,-106,9,-11,-1.4,-76,287,475,15,eutran-1,deconfigured,325,1675,15,eutran-3,[],"['\t\tCell [0]:', 109.0, -15.0, -76.7, -50.2, '\t\tCell [1]:', 188.0, -15.7, -77.0, -50.4]"
2021-11-10T07:31:37.000Z,35.38800616,139.4307732,64,-44,-44,-2.5,-106,9,-13,0,-74,195,475,15,eutran-1,deactivated,109,3750,10,eutran-8,"['\t\tCell [0]:', 195.0, -20.0, -93.5, -44.4, '\t\tCell [1]:', 36.0, -16.5, -81.2, -55.9]","['\tCell [0]:', 109.0, -13.5, -73.9, -42.8, '\tCell [1]:', 188.0, -20.0, -81.7, -53.7]"
2021-11-10T07:31:38.000Z,35.38803896,139.4307828,62,-44,-44,-2.5,-106,9,-13,-2.4,-74,195,475,15,eutran-1,deconfigured,109,3750,10,eutran-8,"['\t\tCell [0]:', 195.0, -20.0, -91.3, -45.3, '\t\tCell [1]:', 0.0, 0.0, 0.0, 0.0, '\t\tCell [2]:', 0.0, 0.0, 0.0, 0.0]","['\tCell [0]:', 109.0, -12.7, -73.9, -44.1, '\tCell [1]:', 188.0, -20.0, -81.0, -52.5, '\tCell [2]:', 106.0, -20.0, -80.4, -52.2, '\tCell [3]:', 18.0, -19.4, -81.0, -53.0]"
2021-11-10T07:31:39.000Z,35.3880531,139.4307995,65,-44,-44,-2.5,-106,9,-13,-0.4,-74,287,475,15,eutran-1,deactivated,106,3750,10,eutran-8,[],"['\tCell [0]:', 106.0, -13.2, -73.3, -43.7, '\tCell [1]:', 114.0, -20.0, -82.7, -53.4, '\tCell [2]:', 131.0, -20.0, -83.8, -53.2, '\t\tCell [0]:', 108.0, -14.7, -78.3, -54.3, '\t\tCell [1]:', 325.0, -14.9, -75.8, -53.4]"
2021-11-10T07:31:47.000Z,35.38803782,139.4308138,64,-44,-44,-2.5,-106,9,-13,-0.4,-74,287,475,15,eutran-1,deconfigured,106,3750,10,eutran-8,[],"['\tCell [0]:', 106.0, -13.1, -73.4, -43.8, '\tCell [1]:', 109.0, -15.7, -76.6, -52.8]"
2021-11-10T07:31:48.000Z,35.38804179,139.4308066,63,-44,-44,-2.5,-106,9,-13,-0.4,-74,287,475,15,eutran-1,deconfigured,106,3750,10,eutran-8,[],"['\tCell [0]:', 106.0, -12.7, -73.4, -42.5, '\tCell [1]:', 109.0, -15.1, -76.9, -53.3, '\tCell [2]:', 188.0, -19.2, -81.3, -54.2, '\tCell [3]:', 163.0, -18.5, -79.3, -52.7, '\tCell [4]:', 131.0, -20.0, -85.4, -54.6, '\tCell [5]:', 128.0, -20.0, -82.3, -54.4]"
2021-11-10T07:31:49.000Z,35.38804179,139.4308066,66,-44,-44,-2.5,-106,9,-13,-1.4,-74,287,475,15,eutran-1,deconfigured,106,3750,10,eutran-8,[],"['\tCell [0]:', 106.0, -14.1, -75.2, -44.1, '\tCell [1]:', 109.0, -16.8, -78.1, -53.7, '\tCell [2]:', 131.0, -20.0, -83.3, -54.1, '\tCell [3]:', 188.0, -17.7, -78.9, -53.4, '\tCell [4]:', 114.0, -20.0, -82.6, -53.6]"
2021-11-10T07:31:56.000Z,35.38798699,139.4305929,66,-44,-44,-2.5,-106,9,-13,1.6,-74,287,475,15,eutran-1,deconfigured,106,3750,10,eutran-8,"['\t\tCell [0]:', 36.0, -16.9, -81.0, -56.1, '\t\tCell [1]:', 258.0, -17.4, -80.2, -55.0, '\t\tCell [0]:', 108.0, -16.0, -79.4, -54.5, '\t\tCell [1]:', 325.0, -14.1, -75.8, -53.2, '\t\tCell [0]:', '\t\tCell [1]:', '\t\tCell [2]:', '\t\tCell [3]:', '\t\tCell [4]:', '\t\tCell [5]:', '\t\tCell [6]:', '\t\tCell [7]:', '\t\tCell [0]:', '\t\tCell [1]:', '\t\tCell [2]:', '\t\tCell [3]:', '\t\tCell [4]:', '\t\tCell [5]:', '\t\tCell [6]:', '\t\tCell [7]:']","['\tCell [0]:', 106.0, -12.9, -73.7, -43.8, '\tCell [1]:', 131.0, -19.6, -81.6, -54.4]"
2021-11-10T07:31:57.000Z,35.38796382,139.4305213,66,-44,-44,-2.5,-106,9,-13,1.6,-74,287,475,15,eutran-1,deconfigured,106,3750,10,eutran-8,"['\t\tCell [0]:', 36.0, -16.8, -80.7, -55.3, '\t\tCell [1]:', 258.0, -19.2, -82.7, -55.2, '\t\tCell [2]:', 137.0, -18.0, -81.9, -56.2, '\t\tCell [0]:', 108.0, -15.4, -78.6, -55.0, '\t\tCell [1]:', 325.0, -15.7, -78.0, -54.5, '\t\tCell [0]:', '\t\tCell [1]:', '\t\tCell [2]:', '\t\tCell [3]:', '\t\tCell [4]:', '\t\tCell [5]:', '\t\tCell [6]:', '\t\tCell [7]:', '\t\tCell [0]:', '\t\tCell [1]:', '\t\tCell [2]:', '\t\tCell [3]:', '\t\tCell [4]:', '\t\tCell [5]:', '\t\tCell [6]:', '\t\tCell [7]:']","['\tCell [0]:', 106.0, -13.4, -74.1, -43.3, '\tCell [1]:', 131.0, -20.0, -82.5, -54.1, '\tCell [2]:', 188.0, -17.5, -78.6, -53.5, '\tCell [3]:', 109.0, -14.7, -76.0, -53.6]"
2021-11-10T07:31:58.000Z,35.38795139,139.430458,67,-44,-44,-2.5,-106,9,-13,0,-74,287,475,15,eutran-1,deconfigured,106,3750,10,eutran-8,"['\t\tCell [0]:', 36.0, -16.4, -79.3, -54.8, '\t\tCell [1]:', 258.0, -18.5, -81.1, -54.9, '\t\tCell [2]:', 100.0, -17.1, -80.1, -55.3, '\t\tCell [3]:', 74.0, -18.3, -82.2, -55.6, '\t\tCell [4]:', 28.0, -19.5, -81.8, -54.6, '\t\tCell [5]:', 287.0, -20.0, -87.1, -43.4, '\t\tCell [0]:', 108.0, -16.0, -78.0, -52.6, '\t\tCell [1]:', 325.0, -15.1, -75.7, -52.0, '\t\tCell [2]:', 40.0, -16.9, -77.7, -52.1, '\t\tCell [0]:', '\t\tCell [1]:', '\t\tCell [2]:', '\t\tCell [3]:', '\t\tCell [4]:', '\t\tCell [5]:', '\t\tCell [6]:', '\t\tCell [7]:', '\t\tCell [0]:', '\t\tCell [1]:', '\t\tCell [2]:', '\t\tCell [3]:', '\t\tCell [4]:', '\t\tCell [5]:', '\t\tCell [6]:', '\t\tCell [7]:']","['\tCell [0]:', 106.0, -12.6, -72.5, -43.7, '\tCell [1]:', 128.0, -18.6, -81.2, -53.8]"
2021-11-10T07:32:05.000Z,35.38784292,139.4299984,65,-44,-44,-2.5,-106,9,-13,-0.4,-74,287,475,15,eutran-1,deconfigured,106,3750,10,eutran-8,"['\t\tCell [0]:', 36.0, -15.4, -78.8, -55.6, '\t\tCell [1]:', 287.0, -20.0, -87.8, -44.0, '\t\tCell [0]:', 108.0, -13.9, -75.8, -54.0, '\t\tCell [1]:', 325.0, -15.0, -76.7, -53.4, '\t\tCell [0]:', '\t\tCell [1]:', '\t\tCell [2]:', '\t\tCell [3]:', '\t\tCell [4]:', '\t\tCell [5]:', '\t\tCell [6]:', '\t\tCell [7]:', '\t\tCell [0]:', '\t\tCell [1]:', '\t\tCell [2]:', '\t\tCell [3]:', '\t\tCell [4]:', '\t\tCell [5]:', '\t\tCell [6]:', '\t\tCell [7]:']","['\tCell [0]:', 106.0, -12.6, -74.1, -42.8, '\tCell [1]:', 131.0, -20.0, -82.5, -55.1, '\tCell [2]:', 188.0, -19.5, -82.0, -55.2, '\tCell [3]:', 109.0, -15.7, -78.4, -55.0, '\tCell [4]:', 128.0, -20.0, -82.9, -55.0]"
2021-11-10T07:32:06.030Z,35.38781975,139.4299267,64,-44,-44,-2.5,-106,9,-13,-0.4,-74,287,475,15,eutran-1,deconfigured,106,3750,10,eutran-8,"['\t\tCell [0]:', 36.0, -15.4, -78.8, -55.6, '\t\tCell [1]:', 0.0, 0.0, 0.0, 0.0, '\t\tCell [2]:', 0.0, 0.0, 0.0, 0.0, '\t\tCell [0]:', 108.0, -14.3, -77.0, -53.8, '\t\tCell [1]:', 325.0, -12.5, -73.2, -53.0, '\t\tCell [0]:', '\t\tCell [1]:', '\t\tCell [2]:', '\t\tCell [3]:', '\t\tCell [4]:', '\t\tCell [5]:', '\t\tCell [6]:', '\t\tCell [7]:', '\t\tCell [0]:', '\t\tCell [1]:', '\t\tCell [2]:', '\t\tCell [3]:', '\t\tCell [4]:', '\t\tCell [5]:', '\t\tCell [6]:', '\t\tCell [7]:']","['\tCell [0]:', 106.0, -14.0, -75.1, -43.9, '\tCell [1]:', 131.0, -18.9, -81.6, -54.9, '\tCell [2]:', 114.0, -19.2, -81.3, -54.4]"
2021-11-10T07:32:07.000Z,35.38780675,139.429879,65,-44,-44,-2.5,-106,9,-13,-0.8,-74,287,475,15,eutran-1,deconfigured,106,3750,10,eutran-8,"['\t\tCell [0]:', 36.0, -16.9, -80.7, -55.4, '\t\tCell [1]:', 81.0, -20.0, -83.8, -55.6, '\t\tCell [2]:', 258.0, -19.0, -82.4, -54.5, '\t\tCell [0]:', 108.0, -14.3, -76.6, -52.9, '\t\tCell [1]:', 325.0, -12.1, -72.0, -52.2, '\t\tCell [0]:', '\t\tCell [1]:', '\t\tCell [2]:', '\t\tCell [3]:', '\t\tCell [4]:', '\t\tCell [5]:', '\t\tCell [6]:', '\t\tCell [7]:', '\t\tCell [0]:', '\t\tCell [1]:', '\t\tCell [2]:', '\t\tCell [3]:', '\t\tCell [4]:', '\t\tCell [5]:', '\t\tCell [6]:', '\t\tCell [7]:']","['\tCell [0]:', 106.0, -14.7, -75.2, -43.8, '\tCell [1]:', 131.0, -20.0, -83.0, -53.7, '\tCell [2]:', 188.0, -17.2, -78.5, -53.6]"
2021-11-10T07:32:19.000Z,35.38761352,139.4291172,65,-44,-44,-2.5,-106,9,-13,-2,-74,287,475,15,eutran-1,deactivated,106,3750,10,eutran-8,"['\t\tCell [0]:', 36.0, -17.6, -82.0, -56.3, '\t\tCell [1]:', 0.0, 0.0, 0.0, 0.0, '\t\tCell [0]:', 108.0, -15.4, -77.2, -53.7, '\t\tCell [1]:', 325.0, -15.5, -75.8, -52.6, '\t\tCell [2]:', 326.0, -15.3, -75.6, -52.6, '\t\tCell [0]:', '\t\tCell [1]:', '\t\tCell [2]:', '\t\tCell [3]:', '\t\tCell [4]:', '\t\tCell [5]:', '\t\tCell [6]:', '\t\tCell [7]:', '\t\tCell [0]:', '\t\tCell [1]:', '\t\tCell [2]:', '\t\tCell [3]:', '\t\tCell [4]:', '\t\tCell [5]:', '\t\tCell [6]:', '\t\tCell [7]:']","['\tCell [0]:', 106.0, -14.7, -75.2, -43.1, '\tCell [1]:', 131.0, -20.0, -82.9, -54.6]"
2021-11-10T07:32:20.000Z,35.38759713,139.4290611,65,-44,-44,-2.5,-106,9,-13,-1.4,-74,287,475,15,eutran-1,deactivated,106,3750,10,eutran-8,"['\t\tCell [0]:', 28.0, -19.9, -82.7, -54.9, '\t\tCell [1]:', 0.0, 0.0, 0.0, 0.0, '\t\tCell [2]:', 36.0, -18.1, -82.0, -56.2, '\t\tCell [0]:', 108.0, -16.8, -77.4, -52.9, '\t\tCell [1]:', 325.0, -13.7, -73.4, -50.9, '\t\tCell [2]:', 326.0, -14.7, -74.3, -50.9, '\t\tCell [3]:', 40.0, -12.8, -73.4, -50.9, '\t\tCell [0]:', '\t\tCell [1]:', '\t\tCell [2]:', '\t\tCell [3]:', '\t\tCell [4]:', '\t\tCell [5]:', '\t\tCell [6]:', '\t\tCell [7]:', '\t\tCell [0]:', '\t\tCell [1]:', '\t\tCell [2]:', '\t\tCell [3]:', '\t\tCell [4]:', '\t\tCell [5]:', '\t\tCell [6]:', '\t\tCell [7]:']","['\tCell [0]:', 106.0, -14.6, -75.5, -44.0, '\tCell [1]:', 131.0, -19.2, -81.5, -54.5, '\tCell [2]:', 163.0, -17.7, -79.0, -53.2]"
2021-11-10T07:32:21.000Z,35.38757735,139.4289978,66,-44,-44,-2.5,-106,9,-13,-3,-74,287,475,15,eutran-1,deconfigured,106,3750,10,eutran-8,"['\t\tCell [0]:', 28.0, -19.5, -81.9, -54.6, '\t\tCell [1]:', 124.0, -19.8, -84.4, -55.8, '\t\tCell [2]:', 36.0, -17.3, -80.8, -55.8, '\t\tCell [0]:', 108.0, -15.7, -76.8, -52.2, '\t\tCell [1]:', 325.0, -15.9, -75.1, -50.8, '\t\tCell [2]:', 326.0, -13.7, -73.0, -50.8, '\t\tCell [0]:', '\t\tCell [1]:', '\t\tCell [2]:', '\t\tCell [3]:', '\t\tCell [4]:', '\t\tCell [5]:', '\t\tCell [6]:', '\t\tCell [7]:', '\t\tCell [0]:', '\t\tCell [1]:', '\t\tCell [2]:', '\t\tCell [3]:', '\t\tCell [4]:', '\t\tCell [5]:', '\t\tCell [6]:', '\t\tCell [7]:']","['\tCell [0]:', 106.0, -15.3, -76.0, -43.8, '\tCell [1]:', 131.0, -19.8, -81.8, -53.1, '\tCell [2]:', 297.0, -20.0, -82.2, -53.4, '\tCell [3]:', 188.0, -20.0, -82.5, -53.3, '\tCell [4]:', 180.0, -20.0, -82.9, -52.4, '\tCell [5]:', 128.0, -18.8, -80.6, -52.9]"
2021-11-10T07:32:26.000Z,35.38750052,139.4286815,65,-44,-44,-2.5,-106,9,-13,-2.6,-74,287,475,15,eutran-1,deconfigured,106,3750,10,eutran-8,[],"['\t\tCell [0]:', 106.0, -14.6, -77.0, -53.6, '\t\tCell [1]:', 109.0, -14.3, -76.2, -53.7]"
2021-11-10T07:32:27.000Z,35.38748413,139.4286253,65,-44,-44,-2.5,-106,9,-13,-2.6,-74,287,475,15,eutran-1,deconfigured,106,3750,10,eutran-8,[],"['\t\tCell [0]:', 106.0, -14.6, -75.6, -53.6, '\t\tCell [1]:', 131.0, -18.1, -79.4, -54.8]"
2021-11-10T07:32:28.000Z,35.38747395,139.4286015,65,-44,-44,-2.5,-106,9,-13,2.4,-69,287,475,15,eutran-1,deconfigured,106,3750,10,eutran-8,[],[]
2021-11-10T07:32:40.000Z,35.38768262,139.4286362,66,-44,-44,-2.5,-106,9,-13,2,-69,287,475,15,eutran-1,deconfigured,106,3750,10,eutran-8,[],[]
2021-11-10T07:32:41.000Z,35.38770807,139.4286457,65,-44,-44,-2.5,-106,9,-13,7.8,-69,287,475,15,eutran-1,deconfigured,106,3750,10,eutran-8,[],[]
2021-11-10T07:32:42.000Z,35.38772278,139.4286469,63,-38,-38,-2.5,-106,9,-13,7.4,-69,287,475,15,eutran-1,deconfigured,106,3750,10,eutran-8,[],"['\t\tCell [0]:', 109.0, -12.7, -73.1, -51.8, '\t\tCell [1]:', 180.0, -18.0, -77.5, -51.5, '\t\tCell [2]:', 163.0, -16.7, -77.6, -52.3]"
2021-11-10T07:32:53.000Z,35.38775555,139.428758,65,-38,-38,-2.5,-106,9,-8,4,-69,287,475,15,eutran-1,deconfigured,106,3750,10,eutran-8,"['\t\tCell [0]:', 134.0, -15.4, -79.2, -56.1]",[]
2021-11-10T07:32:54.000Z,35.38777533,139.4288212,65,-38,-38,-2.5,-106,9,-13,1.8,-69,287,475,15,eutran-1,deconfigured,106,3750,10,eutran-8,[],[]
2021-11-10T07:32:58.000Z,35.38784313,139.4290827,65,-38,-38,-2.5,-106,9,-13,0.2,-69,287,475,15,eutran-1,deconfigured,106,3750,10,eutran-8,[],[]
2021-11-10T07:33:06.000Z,35.38797195,139.4295901,65,-38,-38,-2.5,-106,9,-13,-0.2,-69,287,475,15,eutran-1,deconfigured,106,3750,10,eutran-8,[],[]
2021-11-10T07:33:10.000Z,35.38804371,139.4298444,65,-38,-38,-2.5,-106,9,-13,0.2,-74,287,475,15,eutran-1,deconfigured,106,3750,10,eutran-8,[],"['\t\tCell [0]:', 109.0, -13.3, -70.4, -49.2, '\t\tCell [1]:', 188.0, -14.6, -73.1, -48.8]"
2021-11-10T07:33:22.000Z,35.38825107,139.4306217,65,-44,-44,-2.5,-106,9,-13,-1,-74,287,475,15,eutran-1,deconfigured,106,3750,10,eutran-8,[],[]
2021-11-10T07:33:23.000Z,35.38826349,139.430685,65,-44,-44,-2.5,-106,9,-13,-1,-74,287,475,15,eutran-1,deconfigured,106,3750,10,eutran-8,[],[]
2021-11-10T07:33:24.000Z,35.38828327,139.4307482,65,-44,-44,-2.5,-106,9,-13,-1.4,-74,287,475,15,eutran-1,deconfigured,106,3750,10,eutran-8,[],[]
2021-11-10T07:33:36.000Z,35.38839516,139.4311148,64,-44,-44,-2.5,-106,9,-13,0.2,-74,287,475,15,eutran-1,deconfigured,106,3750,10,eutran-8,[],[]
2021-11-10T07:33:37.000Z,35.38842004,139.4311399,65,-44,-44,-2.5,-106,9,-13,0.2,-74,287,475,15,eutran-1,deconfigured,106,3750,10,eutran-8,[],[]
2021-11-10T07:33:41.000Z,35.38858625,139.4313286,64,-44,-44,-2.5,-106,9,-13,-0.4,-74,287,475,15,eutran-1,deconfigured,106,3750,10,eutran-8,[],[]
2021-11-10T07:33:42.000Z,35.38862131,139.4313775,64,-44,-44,-2.5,-106,9,-13,1.4,-74,287,475,15,eutran-1,deconfigured,106,3750,10,eutran-8,[],[]
2021-11-10T07:33:46.000Z,35.38871685,139.4314838,65,-44,-44,-2.5,-106,9,-13,-1,-76,287,475,15,eutran-1,deconfigured,106,3750,10,eutran-8,"['\t\tCell [0]:', 287.0, -20.0, -87.2, -43.1, '\t\tCell [1]:', 0.0, 0.0, 0.0, 0.0, '\t\tCell [2]:', 0.0, 0.0, 0.0, 0.0]","['\tCell [0]:', 109.0, -15.1, -76.7, -52.1, '\tCell [1]:', 106.0, -12.8, -72.6, -43.3]"
2021-11-10T07:33:54.000Z,35.38871232,139.4315077,65,-44,-44,-2.5,-106,9,-13,-1,-76,287,475,15,eutran-1,deconfigured,106,3750,10,eutran-8,[],"['\tCell [0]:', 109.0, -16.2, -76.4, -52.0, '\tCell [1]:', 106.0, -13.4, -73.0, -42.7, '\t\tCell [0]:', 108.0, -13.7, -75.3, -53.8, '\t\tCell [1]:', 325.0, -15.1, -76.6, -53.7]"
2021-11-10T07:33:55.000Z,35.38871629,139.4315005,65,-44,-44,-2.5,-106,9,-13,-1,-76,287,475,15,eutran-1,deactivated,106,3750,10,eutran-8,[],"['\tCell [0]:', 109.0, -16.6, -77.0, -52.8, '\tCell [1]:', 106.0, -12.9, -72.8, -42.6, '\tCell [2]:', 188.0, -17.0, -77.2, -52.6, '\tCell [3]:', 163.0, -20.0, -80.0, -52.2, '\t\tCell [0]:', 108.0, -13.8, -75.6, -54.3]"
2021-11-10T07:33:59.000Z,35.38870443,139.4314217,63,-44,-44,-2.5,-106,9,-13,1.4,-76,287,475,15,eutran-1,deconfigured,106,3750,10,eutran-8,"['\t\tCell [0]:', 325.0, -12.3, -73.7, -53.7, '\t\tCell [1]:', 108.0, -13.8, -77.1, -54.3, '\t\tCell [2]:', 230.0, -17.4, -80.0, -53.8, '\t\tCell [0]:', '\t\tCell [1]:', '\t\tCell [2]:', '\t\tCell [3]:', '\t\tCell [4]:', '\t\tCell [5]:', '\t\tCell [6]:', '\t\tCell [7]:', '\t\tCell [0]:', '\t\tCell [1]:', '\t\tCell [2]:', '\t\tCell [3]:', '\t\tCell [4]:', '\t\tCell [5]:', '\t\tCell [6]:', '\t\tCell [7]:']","['\tCell [0]:', 109.0, -17.8, -79.7, -54.1, '\tCell [1]:', 106.0, -15.2, -76.4, -43.7, '\tCell [2]:', 42.0, -20.0, -86.1, -54.6]"
2021-11-10T07:34:00.000Z,35.38868466,139.4313585,64,-44,-44,-2.5,-106,9,-13,-2.4,-76,287,475,15,eutran-1,deconfigured,106,3750,10,eutran-8,"['\t\tCell [0]:', 36.0, -15.2, -79.9, -56.3, '\t\tCell [1]:', 124.0, -19.1, -84.1, -56.5, '\t\tCell [2]:', 134.0, -18.3, -82.5, -56.4, '\t\tCell [0]:', 108.0, -13.6, -75.7, -53.6, '\t\tCell [0]:', '\t\tCell [1]:', '\t\tCell [2]:', '\t\tCell [3]:', '\t\tCell [4]:', '\t\tCell [5]:', '\t\tCell [6]:', '\t\tCell [7]:', '\t\tCell [0]:', '\t\tCell [1]:', '\t\tCell [2]:', '\t\tCell [3]:', '\t\tCell [4]:', '\t\tCell [5]:', '\t\tCell [6]:', '\t\tCell [7]:']","['\tCell [0]:', 109.0, -16.3, -76.4, -51.6, '\tCell [1]:', 106.0, -13.5, -72.8, -41.4, '\tCell [2]:', 69.0, -20.0, -81.2, -51.7]"
2021-11-10T07:34:04.000Z,35.38862026,139.4311053,66,-44,-44,-2.5,-106,9,-13,-1,-76,46,475,15,eutran-1,deactivated,106,3750,10,eutran-8,"['\t\tCell [0]:', 61.0, -20.0, -86.0, -56.4, '\t\tCell [0]:', 108.0, -14.8, -77.5, -54.2, '\t\tCell [0]:', '\t\tCell [1]:', '\t\tCell [2]:', '\t\tCell [3]:', '\t\tCell [4]:', '\t\tCell [5]:', '\t\tCell [6]:', '\t\tCell [7]:', '\t\tCell [0]:', '\t\tCell [1]:', '\t\tCell [2]:', '\t\tCell [3]:', '\t\tCell [4]:', '\t\tCell [5]:', '\t\tCell [6]:', '\t\tCell [7]:']","['\tCell [0]:', 109.0, -16.2, -76.8, -51.1, '\tCell [1]:', 106.0, -12.6, -71.2, -41.1]"
2021-11-10T07:34:11.000Z,35.38850727,139.4306696,65,-44,-44,-2.5,-106,9,-13,-0.8,-71,287,475,15,eutran-1,deconfigured,106,3750,10,eutran-8,"['\t\tCell [0]:', 108.0, -14.7, -76.9, -54.7, '\t\tCell [1]:', 325.0, -15.4, -77.1, -53.9, '\t\tCell [0]:', '\t\tCell [1]:', '\t\tCell [2]:', '\t\tCell [3]:', '\t\tCell [4]:', '\t\tCell [5]:', '\t\tCell [6]:', '\t\tCell [7]:', '\t\tCell [0]:', '\t\tCell [1]:', '\t\tCell [2]:', '\t\tCell [3]:', '\t\tCell [4]:', '\t\tCell [5]:', '\t\tCell [6]:', '\t\tCell [7]:']","['\tCell [0]:', 109.0, -18.6, -79.4, -51.1, '\tCell [1]:', 106.0, -12.8, -71.4, -41.2, '\tCell [2]:', 128.0, -20.0, -81.7, -51.5]"
2021-11-10T07:34:12.000Z,35.38849145,139.4305979,66,-44,-44,-2.5,-106,9,-13,-1.4,-77,287,475,15,eutran-1,deconfigured,106,3750,10,eutran-8,"['\t\tCell [0]:', 137.0, -17.4, -82.3, -56.8, '\t\tCell [1]:', 36.0, -16.4, -80.4, -56.3, '\t\tCell [2]:', 100.0, -18.5, -83.7, -57.2, '\t\tCell [3]:', 0.0, 0.0, 0.0, 0.0, '\t\tCell [0]:', 326.0, -18.6, -79.7, -52.2, '\t\tCell [1]:', 108.0, -13.9, -75.1, -52.9, '\t\tCell [0]:', '\t\tCell [1]:', '\t\tCell [2]:', '\t\tCell [3]:', '\t\tCell [4]:', '\t\tCell [5]:', '\t\tCell [6]:', '\t\tCell [7]:', '\t\tCell [0]:', '\t\tCell [1]:', '\t\tCell [2]:', '\t\tCell [3]:', '\t\tCell [4]:', '\t\tCell [5]:', '\t\tCell [6]:', '\t\tCell [7]:']","['\tCell [0]:', 109.0, -14.3, -76.2, -54.1, '\tCell [1]:', 106.0, -12.6, -72.9, -43.9, '\tCell [2]:', 188.0, -20.0, -84.7, -54.0, '\tCell [3]:', 163.0, -19.6, -80.1, -52.6]"
2021-11-10T07:34:23.000Z,35.38832083,139.4299245,66,-44,-44,-2.5,-106,9,-13,-1,-77,287,475,15,eutran-1,deconfigured,106,3750,10,eutran-8,"['\t\tCell [0]:', 0.0, 0.0, 0.0, 0.0, '\t\tCell [1]:', 124.0, -18.6, -83.5, -56.3, '\t\tCell [0]:', 325.0, -12.5, -71.6, -51.4, '\t\tCell [1]:', 108.0, -15.4, -76.2, -52.6, '\t\tCell [2]:', 40.0, -16.2, -75.2, -51.4, '\t\tCell [0]:', '\t\tCell [1]:', '\t\tCell [2]:', '\t\tCell [3]:', '\t\tCell [4]:', '\t\tCell [5]:', '\t\tCell [6]:', '\t\tCell [7]:', '\t\tCell [0]:', '\t\tCell [1]:', '\t\tCell [2]:', '\t\tCell [3]:', '\t\tCell [4]:', '\t\tCell [5]:', '\t\tCell [6]:', '\t\tCell [7]:']","['\tCell [0]:', 109.0, -16.5, -77.8, -53.6, '\tCell [1]:', 106.0, -13.9, -74.3, -43.5, '\tCell [2]:', 110.0, -20.0, -85.0, -53.6, '\tCell [3]:', 163.0, -19.9, -80.9, -53.5]"
2021-11-10T07:34:24.000Z,35.3883084,139.4298613,67,-44,-44,-2.5,-106,9,-13,-2,-77,287,475,15,eutran-1,deconfigured,106,3750,10,eutran-8,"['\t\tCell [0]:', 0.0, 0.0, 0.0, 0.0, '\t\tCell [1]:', 86.0, -19.2, -82.3, -55.4, '\t\tCell [2]:', 134.0, -20.0, -84.4, -55.4, '\t\tCell [3]:', 36.0, -15.8, -79.8, -55.5, '\t\tCell [0]:', 325.0, -12.1, -71.3, -49.8, '\t\tCell [1]:', 108.0, -14.1, -75.2, -51.7, '\t\tCell [0]:', '\t\tCell [1]:', '\t\tCell [2]:', '\t\tCell [3]:', '\t\tCell [4]:', '\t\tCell [5]:', '\t\tCell [6]:', '\t\tCell [7]:', '\t\tCell [0]:', '\t\tCell [1]:', '\t\tCell [2]:', '\t\tCell [3]:', '\t\tCell [4]:', '\t\tCell [5]:', '\t\tCell [6]:', '\t\tCell [7]:']","['\tCell [0]:', 109.0, -16.4, -77.6, -53.4, '\tCell [1]:', 106.0, -14.2, -74.3, -43.1, '\tCell [2]:', 188.0, -18.0, -79.4, -54.1, '\tCell [3]:', 163.0, -17.4, -77.2, -52.2]"
2021-11-10T07:34:28.000Z,35.38823721,139.4295914,67,-44,-44,-2.5,-106,9,-13,-1.6,-77,287,475,15,eutran-1,deconfigured,325,1675,15,eutran-3,[],[]
2021-11-10T07:34:35.000Z,35.38812081,139.4291473,67,-44,-44,-2.5,-106,9,-13,5.8,-69,287,475,15,eutran-1,deconfigured,325,1675,15,eutran-3,"['\t\tCell [0]:', 263.0, -17.5, -81.1, -56.0]",[]
2021-11-10T07:34:40.000Z,35.38804397,139.4288297,66,-44,-44,-2.5,-106,9,-13,3.2,-69,287,475,15,eutran-1,deconfigured,325,1675,15,eutran-3,"['\t\tCell [0]:', 134.0, -17.9, -81.4, -55.5]",[]
2021-11-10T07:34:52.000Z,35.38811014,139.4288333,65,-44,-44,-2.5,-106,9,-13,5.6,-69,287,475,15,eutran-1,deconfigured,325,1675,15,eutran-3,[],[]
2021-11-10T07:34:53.000Z,35.38816442,139.4288596,66,-44,-44,-2.5,-106,9,-13,5.2,-69,287,475,15,eutran-1,deconfigured,325,1675,15,eutran-3,[],[]
2021-11-10T07:34:54.000Z,35.38821135,139.4288859,64,-44,-44,-2.5,-106,9,-13,3.2,-69,287,475,15,eutran-1,deconfigured,325,1675,15,eutran-3,[],[]
2021-11-10T07:34:58.000Z,35.38828712,139.4289289,62,-44,-44,-2.5,-106,9,-13,0,-69,287,475,15,eutran-1,deconfigured,325,1675,15,eutran-3,[],[]
2021-11-10T07:35:05.000Z,35.38826846,139.428936,63,-44,-44,-2.5,-106,9,-13,2.2,-69,287,475,15,eutran-1,deconfigured,325,1675,15,eutran-3,[],[]
2021-11-10T07:35:06.000Z,35.38826846,139.428936,65,-44,-44,-2.5,-106,9,-13,-2.8,-76,287,475,15,eutran-1,deconfigured,325,1675,15,eutran-3,[],[]
2021-11-10T07:35:17.000Z,35.38844136,139.4295461,66,-44,-44,-2.5,-106,9,-13,2.8,-70,287,475,15,eutran-1,deconfigured,325,1675,15,eutran-3,[],[]
2021-11-10T07:35:18.000Z,35.38845718,139.4296178,66,-44,-44,-2.5,-106,9,-13,0.6,-70,287,475,15,eutran-1,deconfigured,325,1675,15,eutran-3,[],[]
2021-11-10T07:35:22.000Z,35.38852555,139.4298637,64,-44,-44,-2.5,-106,9,-13,-1.8,-75,287,475,15,eutran-1,deconfigured,325,1675,15,eutran-3,[],"['\t\tCell [0]:', 188.0, -14.1, -74.1, -51.5, '\t\tCell [1]:', 270.0, -17.9, -78.4, -51.7, '\t\tCell [0]:', '\t\tCell [1]:', '\t\tCell [2]:', '\t\tCell [3]:', '\t\tCell [4]:', '\t\tCell [5]:', '\t\tCell [6]:', '\t\tCell [7]:']"
2021-11-10T07:35:30.000Z,35.38867585,139.4303879,64,-44,-44,-2.5,-106,9,-13,-4.6,-75,287,475,15,eutran-1,deconfigured,325,1675,15,eutran-3,[],"['\t\tCell [0]:', 188.0, -16.2, -73.8, -49.6, '\t\tCell [0]:', '\t\tCell [1]:', '\t\tCell [2]:', '\t\tCell [3]:', '\t\tCell [4]:', '\t\tCell [5]:', '\t\tCell [6]:', '\t\tCell [7]:']"
2021-11-10T07:35:34.000Z,35.38874025,139.430641,65,-44,-44,-2.5,-106,9,-13,-6.8,-80,287,475,15,eutran-1,deconfigured,325,1675,15,eutran-3,"['\t\tCell [0]:', 36.0, -15.2, -78.2, -55.5]","['\t\tCell [0]:', 188.0, -16.2, -74.9, -50.0, '\t\tCell [1]:', 18.0, -17.6, -77.6, -52.3, '\t\tCell [0]:', '\t\tCell [1]:', '\t\tCell [2]:', '\t\tCell [3]:', '\t\tCell [4]:', '\t\tCell [5]:', '\t\tCell [6]:', '\t\tCell [7]:']"
2021-11-10T07:35:46.000Z,35.3889476,139.4314182,66,-44,-44,-2.5,-106,9,-13,-7.8,-80,287,475,15,eutran-1,deconfigured,325,1675,15,eutran-3,[],"['\t\tCell [0]:', 188.0, -16.3, -75.7, -52.6, '\t\tCell [0]:', '\t\tCell [1]:', '\t\tCell [2]:', '\t\tCell [3]:', '\t\tCell [4]:', '\t\tCell [5]:', '\t\tCell [6]:', '\t\tCell [7]:']"
2021-11-10T07:35:47.000Z,35.38896737,139.4314815,65,-44,-44,-2.5,-106,9,-13,-2.6,-80,287,475,15,eutran-1,deconfigured,325,1675,15,eutran-3,"['\t\tCell [0]:', 167.0, -17.3, -80.0, -55.6]","['\t\tCell [0]:', 188.0, -17.5, -77.5, -52.3, '\t\tCell [0]:', '\t\tCell [1]:', '\t\tCell [2]:', '\t\tCell [3]:', '\t\tCell [4]:', '\t\tCell [5]:', '\t\tCell [6]:', '\t\tCell [7]:']"
2021-11-10T07:35:48.000Z,35.3889798,139.4315448,65,-44,-44,-2.5,-106,9,-18,-7.4,-80,56,475,15,eutran-1,deconfigured,188,3750,10,eutran-8,"['\t\tCell [0]:', 36.0, -14.1, -78.5, -56.9, '\t\tCell [0]:', 325.0, -13.7, -75.4, -53.0, '\t\tCell [1]:', 108.0, -13.6, -76.3, -53.7, '\t\tCell [0]:', '\t\tCell [1]:', '\t\tCell [2]:', '\t\tCell [3]:', '\t\tCell [4]:', '\t\tCell [5]:', '\t\tCell [6]:', '\t\tCell [7]:', '\t\tCell [0]:', '\t\tCell [1]:', '\t\tCell [2]:', '\t\tCell [3]:', '\t\tCell [4]:', '\t\tCell [5]:', '\t\tCell [6]:', '\t\tCell [7]:']","['\tCell [0]:', 109.0, -16.1, -77.2, -52.4, '\tCell [1]:', 188.0, -16.8, -77.5, -42.2, '\tCell [2]:', 179.0, -20.0, -83.6, -52.5]"
2021-11-10T07:36:00.000Z,35.38910082,139.4315592,65,-44,-44,-2.5,-106,9,-18,-8.6,-80,56,475,15,eutran-1,deconfigured,188,3750,10,eutran-8,"['\t\tCell [0]:', 36.0, -17.2, -81.3, -56.0, '\t\tCell [0]:', 325.0, -16.6, -77.8, -54.8, '\t\tCell [1]:', 108.0, -13.8, -76.3, -54.4, '\t\tCell [0]:', '\t\tCell [1]:', '\t\tCell [2]:', '\t\tCell [3]:', '\t\tCell [4]:', '\t\tCell [5]:', '\t\tCell [6]:', '\t\tCell [7]:', '\t\tCell [0]:', '\t\tCell [1]:', '\t\tCell [2]:', '\t\tCell [3]:', '\t\tCell [4]:', '\t\tCell [5]:', '\t\tCell [6]:', '\t\tCell [7]:']","['\tCell [0]:', 188.0, -17.8, -78.9, -43.4, '\tCell [1]:', 109.0, -15.2, -76.7, -54.1, '\tCell [2]:', 106.0, -15.2, -75.5, -52.7]"
2021-11-10T07:36:01.000Z,35.3891325,139.4314983,65,-44,-44,-2.5,-106,9,-18,-8.6,-80,56,475,15,eutran-1,activated,188,3750,10,eutran-8,"['\t\tCell [0]:', 36.0, -14.3, -78.7, -56.6, '\t\tCell [1]:', 56.0, -20.0, -91.2, -45.2, '\t\tCell [2]:', 0.0, 0.0, 0.0, 0.0, '\t\tCell [0]:', 325.0, -15.4, -76.5, -54.7, '\t\tCell [1]:', 108.0, -15.9, -78.0, -55.3, '\t\tCell [0]:', '\t\tCell [1]:', '\t\tCell [2]:', '\t\tCell [3]:', '\t\tCell [4]:', '\t\tCell [5]:', '\t\tCell [6]:', '\t\tCell [7]:', '\t\tCell [0]:', '\t\tCell [1]:', '\t\tCell [2]:', '\t\tCell [3]:', '\t\tCell [4]:', '\t\tCell [5]:', '\t\tCell [6]:', '\t\tCell [7]:']","['\tCell [0]:', 188.0, -18.0, -79.1, -43.4, '\tCell [1]:', 109.0, -15.6, -77.0, -54.3, '\tCell [2]:', 256.0, -20.0, -82.6, -53.7]"
2021-11-10T07:36:05.000Z,35.38920152,139.4314243,65,-44,-44,-2.5,-106,9,-18,-7.8,-80,195,475,15,eutran-1,deconfigured,109,3750,10,eutran-8,"['\t\tCell [0]:', 134.0, -17.0, -80.3, -55.4, '\t\tCell [0]:', 108.0, -12.8, -74.3, -53.7, '\t\tCell [0]:', '\t\tCell [1]:', '\t\tCell [2]:', '\t\tCell [3]:', '\t\tCell [4]:', '\t\tCell [5]:', '\t\tCell [6]:', '\t\tCell [7]:', '\t\tCell [0]:', '\t\tCell [1]:', '\t\tCell [2]:', '\t\tCell [3]:', '\t\tCell [4]:', '\t\tCell [5]:', '\t\tCell [6]:', '\t\tCell [7]:']","['\tCell [0]:', 106.0, -15.1, -76.2, -53.0, '\tCell [1]:', 109.0, -14.8, -76.4, -44.2, '\tCell [2]:', 18.0, -20.0, -82.5, -53.9, '\tCell [3]:', 114.0, -18.2, -80.5, -54.1, '\tCell [4]:', 188.0, -16.4, -78.3, -54.1]"
2021-11-10T07:36:06.000Z,35.38920152,139.4314243,66,-44,-44,-2.5,-106,9,-18,-4.6,-80,287,475,15,eutran-1,deconfigured,106,3750,10,eutran-8,"['\t\tCell [0]:', 36.0, -16.9, -80.1, -55.3, '\t\tCell [1]:', 258.0, -17.4, -80.2, -54.2, '\t\tCell [2]:', 0.0, 0.0, 0.0, 0.0, '\t\tCell [3]:', 0.0, 0.0, 0.0, 0.0]","['\tCell [0]:', 109.0, -17.2, -78.6, -53.5, '\tCell [1]:', 106.0, -11.5, -72.2, -43.8, '\tCell [2]:', 188.0, -19.1, -81.0, -53.5, '\tCell [3]:', 131.0, -20.0, -83.3, -53.9]"
2021-11-10T07:36:10.000Z,35.38920435,139.4314482,65,-44,-44,-2.5,-106,9,-13,0,-73,287,475,15,eutran-1,deconfigured,106,3750,10,eutran-8,[],"['\tCell [0]:', 109.0, -17.9, -79.0, -53.4, '\tCell [1]:', 106.0, -13.2, -73.7, -43.8, '\tCell [2]:', 186.0, -20.0, -81.9, -53.3, '\tCell [3]:', 323.0, -19.9, -81.2, -53.2, '\tCell [4]:', 131.0, -20.0, -82.4, -54.2]"
2021-11-10T07:36:17.000Z,35.38917272,139.4313061,64,-44,-44,-2.5,-106,9,-13,0,-73,287,475,15,eutran-1,deactivated,106,3750,10,eutran-8,"['\t\tCell [0]:', 287.0, -20.0, -84.9, -42.8, '\t\tCell [1]:', 137.0, -19.5, -83.2, -55.4]","['\tCell [0]:', 188.0, -19.7, -80.7, -53.5, '\tCell [1]:', 106.0, -12.4, -72.4, -43.1, '\tCell [2]:', 109.0, -17.7, -78.6, -53.3]"
2021-11-10T07:36:18.000Z,35.38915972,139.4312584,66,-44,-44,-2.5,-106,9,-13,-2.6,-73,287,475,15,eutran-1,deactivated,106,3750,10,eutran-8,[],"['\tCell [0]:', 109.0, -15.0, -76.2, -53.8, '\tCell [1]:', 106.0, -11.4, -71.4, -44.1, '\tCell [2]:', 372.0, -20.0, -86.7, -54.3, '\tCell [3]:', 188.0, -18.2, -79.4, -53.0]"
2021-11-10T07:36:22.000Z,35.38910716,139.4310828,66,-44,-44,-2.5,-106,9,-13,1.8,-73,287,475,15,eutran-1,deconfigured,106,3750,10,eutran-8,[],"['\tCell [0]:', 109.0, -14.5, -75.7, -53.6, '\tCell [1]:', 106.0, -13.7, -74.8, -44.5, '\tCell [2]:', 277.0, -20.0, -82.9, -53.3, '\tCell [3]:', 476.0, -20.0, -84.3, -53.2]"
2021-11-10T07:36:29.000Z,35.38909415,139.4310339,65,-44,-44,-2.5,-106,9,-13,0.6,-73,287,475,15,eutran-1,deactivated,106,3750,10,eutran-8,"['\t\tCell [0]:', 36.0, -15.8, -79.3, -55.3, '\t\tCell [0]:', 108.0, -14.5, -76.4, -52.5, '\t\tCell [0]:', '\t\tCell [1]:', '\t\tCell [2]:', '\t\tCell [3]:', '\t\tCell [4]:', '\t\tCell [5]:', '\t\tCell [6]:', '\t\tCell [7]:', '\t\tCell [0]:', '\t\tCell [1]:', '\t\tCell [2]:', '\t\tCell [3]:', '\t\tCell [4]:', '\t\tCell [5]:', '\t\tCell [6]:', '\t\tCell [7]:']","['\tCell [0]:', 109.0, -15.4, -76.1, -52.8, '\tCell [1]:', 106.0, -12.4, -73.1, -43.6]"
2021-11-10T07:36:30.000Z,35.38909415,139.4310339,66,-44,-44,-2.5,-106,9,-13,-0.2,-73,287,475,15,eutran-1,deconfigured,106,3750,10,eutran-8,"['\t\tCell [0]:', 36.0, -15.3, -78.4, -55.3, '\t\tCell [1]:', 258.0, -20.0, -84.0, -54.9, '\t\tCell [2]:', 74.0, -20.0, -83.6, -55.6, '\t\tCell [0]:', 108.0, -14.0, -75.5, -53.0, '\t\tCell [1]:', 147.0, -18.4, -83.9, -57.2, '\t\tCell [2]:', 40.0, -15.0, -76.2, -53.1, '\t\tCell [0]:', '\t\tCell [1]:', '\t\tCell [2]:', '\t\tCell [3]:', '\t\tCell [4]:', '\t\tCell [5]:', '\t\tCell [6]:', '\t\tCell [7]:', '\t\tCell [0]:', '\t\tCell [1]:', '\t\tCell [2]:', '\t\tCell [3]:', '\t\tCell [4]:', '\t\tCell [5]:', '\t\tCell [6]:', '\t\tCell [7]:']","['\tCell [0]:', 109.0, -15.8, -76.6, -52.9, '\tCell [1]:', 106.0, -12.2, -73.0, -43.0, '\tCell [2]:', 323.0, -20.0, -82.0, -52.7]"
2021-11-10T07:36:41.000Z,35.38908679,139.4310327,65,-44,-44,-2.5,-106,9,-13,1.2,-73,287,475,15,eutran-1,deconfigured,106,3750,10,eutran-8,[],"['\tCell [0]:', 109.0, -16.2, -76.9, -52.7, '\tCell [1]:', 106.0, -12.9, -73.5, -43.6, '\tCell [2]:', 188.0, -16.7, -77.1, -52.5]"
2021-11-10T07:36:42.000Z,35.38908679,139.4310327,66,-44,-44,-2.5,-106,9,-13,-1.6,-73,287,475,15,eutran-1,activated,106,3750,10,eutran-8,"['\t\tCell [0]:', 258.0, -20.0, -83.4, -55.5, '\t\tCell [1]:', 100.0, -20.0, -84.4, -56.1, '\t\tCell [2]:', 137.0, -19.3, -82.9, -55.8, '\t\tCell [3]:', 0.0, 0.0, 0.0, 0.0, '\t\tCell [0]:', 108.0, -14.2, -75.7, -54.0, '\t\tCell [1]:', 147.0, -17.6, -82.5, -57.0, '\t\tCell [2]:', 325.0, -16.4, -77.8, -53.5, '\t\tCell [3]:', 40.0, -17.3, -78.8, -53.5, '\t\tCell [0]:', '\t\tCell [1]:', '\t\tCell [2]:', '\t\tCell [3]:', '\t\tCell [4]:', '\t\tCell [5]:', '\t\tCell [6]:', '\t\tCell [7]:', '\t\tCell [0]:', '\t\tCell [1]:', '\t\tCell [2]:', '\t\tCell [3]:', '\t\tCell [4]:', '\t\tCell [5]:', '\t\tCell [6]:', '\t\tCell [7]:']","['\tCell [0]:', 109.0, -14.6, -75.4, -52.8, '\tCell [1]:', 106.0, -12.0, -72.6, -43.1, '\tCell [2]:', 188.0, -18.1, -79.0, -52.7]"
2021-11-10T07:36:46.000Z,35.38908679,139.4310327,65,-44,-44,-2.5,-106,9,-13,1.4,-73,287,475,15,eutran-1,deconfigured,106,3750,10,eutran-8,[],"['\tCell [0]:', 109.0, -15.0, -76.3, -53.6, '\tCell [1]:', 106.0, -12.1, -72.6, -43.0, '\tCell [2]:', 188.0, -18.3, -79.4, -53.3, '\tCell [3]:', 18.0, -19.2, -81.2, -53.4]"
2021-11-10T07:36:53.000Z,35.38908283,139.4310398,66,-44,-44,-2.5,-106,9,-13,0.4,-73,287,475,15,eutran-1,deactivated,106,3750,10,eutran-8,[],"['\tCell [0]:', 109.0, -15.0, -76.0, -53.2, '\tCell [1]:', 106.0, -11.8, -72.7, -44.1, '\tCell [2]:', 188.0, -17.8, -78.5, -52.9]"
2021-11-10T07:36:58.000Z,35.38907548,139.4310398,66,-44,-44,-2.5,-106,9,-13,0.2,-73,287,475,15,eutran-1,deconfigured,106,3750,10,eutran-8,"['\t\tCell [0]:', 287.0, -20.0, -85.5, -44.0, '\t\tCell [1]:', 36.0, -14.1, -78.4, -56.5, '\t\tCell [2]:', 0.0, 0.0, 0.0, 0.0, '\t\tCell [3]:', 0.0, 0.0, 0.0, 0.0]","['\tCell [0]:', 109.0, -14.7, -75.0, -52.5, '\tCell [1]:', 106.0, -12.8, -73.6, -44.8, '\tCell [2]:', 18.0, -20.0, -82.8, -52.3, '\tCell [3]:', 188.0, -19.8, -79.9, -52.5]"
2021-11-10T07:37:05.000Z,35.38906812,139.4310386,65,-44,-44,-2.5,-106,9,-13,2.4,-73,287,475,15,eutran-1,deconfigured,106,3750,10,eutran-8,[],"['\tCell [0]:', 106.0, -11.6, -71.8, -43.3, '\tCell [1]:', 277.0, -20.0, -81.6, -51.9, '\t\tCell [0]:', 108.0, -13.9, -75.9, -53.6, '\t\tCell [1]:', 40.0, -17.7, -79.1, -53.0]"
2021-11-10T07:37:06.000Z,35.38906812,139.4310386,66,-44,-44,-2.5,-106,9,-13,-2.8,-73,225,475,15,eutran-1,deconfigured,106,3750,10,eutran-8,"['\t\tCell [0]:', 258.0, -19.8, -83.8, -55.4, '\t\tCell [1]:', 36.0, -16.3, -80.9, -55.4, '\t\tCell [0]:', 108.0, -14.3, -76.2, -54.8, '\t\tCell [0]:', '\t\tCell [1]:', '\t\tCell [2]:', '\t\tCell [3]:', '\t\tCell [4]:', '\t\tCell [5]:', '\t\tCell [6]:', '\t\tCell [7]:', '\t\tCell [0]:', '\t\tCell [1]:', '\t\tCell [2]:', '\t\tCell [3]:', '\t\tCell [4]:', '\t\tCell [5]:', '\t\tCell [6]:', '\t\tCell [7]:']","['\tCell [0]:', 106.0, -15.4, -75.7, -43.8, '\tCell [1]:', 92.0, -18.9, -79.5, -52.3, '\tCell [2]:', 188.0, -14.6, -74.8, -52.5]"
2021-11-10T07:37:18.000Z,35.38898442,139.4310099,65,-44,-44,-2.5,-106,9,-18,-5.6,-73,195,475,15,eutran-1,deactivated,109,3750,10,eutran-8,"['\t\tCell [0]:', 137.0, -17.1, -81.2, -56.1, '\t\tCell [1]:', 36.0, -14.5, -78.1, -55.4, '\t\tCell [0]:', 108.0, -16.2, -79.4, -55.5, '\t\tCell [0]:', '\t\tCell [1]:', '\t\tCell [2]:', '\t\tCell [3]:', '\t\tCell [4]:', '\t\tCell [5]:', '\t\tCell [6]:', '\t\tCell [7]:', '\t\tCell [0]:', '\t\tCell [1]:', '\t\tCell [2]:', '\t\tCell [3]:', '\t\tCell [4]:', '\t\tCell [5]:', '\t\tCell [6]:', '\t\tCell [7]:']","['\tCell [0]:', 106.0, -17.8, -78.0, -51.7, '\tCell [1]:', 188.0, -18.7, -78.9, -51.9, '\tCell [2]:', 109.0, -16.8, -76.3, -41.6, '\tCell [3]:', 139.0, -20.0, -80.8, -52.2, '\tCell [4]:', 170.0, -18.1, -79.0, -52.4, '\tCell [5]:', 131.0, -19.3, -80.7, -52.7]"
2021-11-10T07:37:19.000Z,35.38894485,139.4309849,65,-44,-44,-2.5,-106,9,-18,-5.6,-73,195,475,15,eutran-1,deconfigured,109,3750,10,eutran-8,"['\t\tCell [0]:', 137.0, -17.1, -81.2, -56.1, '\t\tCell [1]:', 36.0, -14.5, -78.1, -55.4, '\t\tCell [2]:', 0.0, 0.0, 0.0, 0.0, '\t\tCell [0]:', 108.0, -16.1, -79.4, -55.4, '\t\tCell [0]:', '\t\tCell [1]:', '\t\tCell [2]:', '\t\tCell [3]:', '\t\tCell [4]:', '\t\tCell [5]:', '\t\tCell [6]:', '\t\tCell [7]:', '\t\tCell [0]:', '\t\tCell [1]:', '\t\tCell [2]:', '\t\tCell [3]:', '\t\tCell [4]:', '\t\tCell [5]:', '\t\tCell [6]:', '\t\tCell [7]:']","['\tCell [0]:', 170.0, -17.2, -78.9, -52.9, '\tCell [1]:', 188.0, -17.9, -78.5, -52.7, '\tCell [2]:', 109.0, -15.2, -75.6, -43.8, '\tCell [3]:', 131.0, -18.5, -80.7, -52.8, '\tCell [4]:', 106.0, -17.4, -77.7, -52.6]"
2021-11-10T07:37:23.000Z,35.38873846,139.4308881,67,-44,-44,-2.5,-106,9,-18,-4.4,-73,287,475,15,eutran-1,deconfigured,106,3750,10,eutran-8,[],"['\tCell [0]:', 170.0, -16.5, -78.2, -53.7, '\tCell [1]:', 188.0, -15.6, -76.7, -53.3, '\tCell [2]:', 106.0, -14.2, -74.5, -42.8, '\tCell [3]:', 302.0, -20.0, -83.6, -52.9, '\tCell [4]:', 92.0, -18.5, -78.3, -51.8, '\t\tCell [0]:', 108.0, -14.1, -77.0, -55.3]"
2021-11-10T07:37:24.000Z,35.38869492,139.4308702,66,-44,-44,-2.5,-106,9,-18,-3.4,-73,287,475,15,eutran-1,deconfigured,106,3750,10,eutran-8,"['\t\tCell [0]:', 137.0, -17.6, -82.2, -56.2, '\t\tCell [1]:', 36.0, -17.2, -81.3, -55.6, '\t\tCell [2]:', 134.0, -17.0, -80.8, -55.7, '\t\tCell [0]:', '\t\tCell [1]:', '\t\tCell [2]:', '\t\tCell [3]:', '\t\tCell [4]:', '\t\tCell [5]:', '\t\tCell [6]:', '\t\tCell [7]:', '\t\tCell [0]:', '\t\tCell [1]:', '\t\tCell [2]:', '\t\tCell [3]:', '\t\tCell [4]:', '\t\tCell [5]:', '\t\tCell [6]:', '\t\tCell [7]:']","['\tCell [0]:', 106.0, -15.6, -76.0, -44.5, '\tCell [1]:', 109.0, -16.4, -77.4, -53.4, '\tCell [2]:', 131.0, -18.0, -79.9, -53.6, '\tCell [3]:', 170.0, -19.9, -82.0, -54.0, '\t\tCell [0]:', 108.0, -14.0, -76.2, -54.1]"
2021-11-10T07:37:28.000Z,35.38860163,139.4308033,66,-44,-44,-2.5,-106,9,-18,-4.4,-78,195,475,15,eutran-1,deconfigured,109,3750,10,eutran-8,"['\t\tCell [0]:', 36.0, -16.2, -81.3, -55.8, '\t\tCell [1]:', 0.0, 0.0, 0.0, 0.0, '\t\tCell [2]:', 287.0, -19.9, -83.3, -55.5, '\t\tCell [3]:', 29.0, -16.6, -81.6, -56.3, '\t\tCell [4]:', 182.0, -18.8, -82.4, -55.7, '\t\tCell [5]:', 137.0, -15.9, -79.4, -55.8, '\t\tCell [6]:', 167.0, -18.3, -82.0, -56.1, '\t\tCell [7]:', 134.0, -17.2, -81.2, -56.1, '\t\tCell [0]:', 108.0, -14.0, -76.3, -54.1, '\t\tCell [0]:', '\t\tCell [1]:', '\t\tCell [2]:', '\t\tCell [3]:', '\t\tCell [4]:', '\t\tCell [5]:', '\t\tCell [6]:', '\t\tCell [7]:', '\t\tCell [0]:', '\t\tCell [1]:', '\t\tCell [2]:', '\t\tCell [3]:', '\t\tCell [4]:', '\t\tCell [5]:', '\t\tCell [6]:', '\t\tCell [7]:']","['\tCell [0]:', 139.0, -20.0, -82.5, -52.8, '\tCell [1]:', 109.0, -17.9, -79.3, -45.2, '\tCell [2]:', 188.0, -17.8, -79.3, -53.4]"
2021-11-10T07:37:36.000Z,35.38842014,139.4306289,68,-44,-44,-2.5,-106,9,-18,-8.8,-78,287,475,15,eutran-1,deconfigured,106,3750,10,eutran-8,"['\t\tCell [0]:', 36.0, -15.8, -79.9, -56.0, '\t\tCell [1]:', 167.0, -18.0, -80.8, -55.1, '\t\tCell [2]:', 287.0, -20.0, -86.9, -43.6, '\t\tCell [3]:', 182.0, -20.0, -84.7, -56.8, '\t\tCell [0]:', 108.0, -13.6, -75.9, -54.9, '\t\tCell [0]:', '\t\tCell [1]:', '\t\tCell [2]:', '\t\tCell [3]:', '\t\tCell [4]:', '\t\tCell [5]:', '\t\tCell [6]:', '\t\tCell [7]:', '\t\tCell [0]:', '\t\tCell [1]:', '\t\tCell [2]:', '\t\tCell [3]:', '\t\tCell [4]:', '\t\tCell [5]:', '\t\tCell [6]:', '\t\tCell [7]:']","['\tCell [0]:', 131.0, -18.7, -80.1, -53.3, '\tCell [1]:', 106.0, -16.2, -76.4, -42.3, '\tCell [2]:', 188.0, -15.3, -75.8, -52.6]"
2021-11-10T07:37:40.000Z,35.38827652,139.4305274,66,-44,-44,-2.5,-106,9,-18,-6,-78,287,475,15,eutran-1,deconfigured,106,3750,10,eutran-8,"['\t\tCell [0]:', 36.0, -17.8, -81.5, -54.9, '\t\tCell [1]:', 167.0, -20.0, -83.4, -55.3, '\t\tCell [2]:', 182.0, -17.7, -81.2, -55.7, '\t\tCell [3]:', 0.0, 0.0, 0.0, 0.0, '\t\tCell [4]:', 29.0, -16.8, -80.4, -54.8, '\t\tCell [0]:', 108.0, -13.8, -76.1, -54.7, '\t\tCell [1]:', 325.0, -15.0, -75.9, -54.2, '\t\tCell [2]:', 326.0, -13.1, -75.2, -54.2, '\t\tCell [0]:', '\t\tCell [1]:', '\t\tCell [2]:', '\t\tCell [3]:', '\t\tCell [4]:', '\t\tCell [5]:', '\t\tCell [6]:', '\t\tCell [7]:', '\t\tCell [0]:', '\t\tCell [1]:', '\t\tCell [2]:', '\t\tCell [3]:', '\t\tCell [4]:', '\t\tCell [5]:', '\t\tCell [6]:', '\t\tCell [7]:']","['\tCell [0]:', 106.0, -15.9, -76.3, -43.3, '\tCell [1]:', 109.0, -16.4, -76.2, -51.7]"
2021-11-10T07:37:52.000Z,35.38792263,139.4301357,62,-44,-44,-2.5,-106,9,-18,-1.2,-73,287,475,15,eutran-1,deconfigured,106,3750,10,eutran-8,"['\t\tCell [0]:', 36.0, -15.6, -79.1, -54.9, '\t\tCell [1]:', 137.0, -17.5, -79.9, -54.7, '\t\tCell [2]:', 134.0, -17.2, -80.8, -54.9, '\t\tCell [3]:', 258.0, -17.6, -79.3, -54.0, '\t\tCell [0]:', 108.0, -13.8, -76.6, -55.3, '\t\tCell [1]:', 325.0, -15.0, -77.1, -55.0, '\t\tCell [0]:', '\t\tCell [1]:', '\t\tCell [2]:', '\t\tCell [3]:', '\t\tCell [4]:', '\t\tCell [5]:', '\t\tCell [6]:', '\t\tCell [7]:', '\t\tCell [0]:', '\t\tCell [1]:', '\t\tCell [2]:', '\t\tCell [3]:', '\t\tCell [4]:', '\t\tCell [5]:', '\t\tCell [6]:', '\t\tCell [7]:']","['\tCell [0]:', 106.0, -12.7, -73.7, -43.9, '\tCell [1]:', 109.0, -15.2, -75.7, -52.6, '\tCell [2]:', 128.0, -20.0, -82.2, -53.2, '\tCell [3]:', 323.0, -17.8, -78.7, -52.9]"
2021-11-10T07:37:53.000Z,35.38789832,139.4300951,60,-44,-44,-2.5,-106,9,-18,-1,-73,287,475,15,eutran-1,deconfigured,106,3750,10,eutran-8,"['\t\tCell [0]:', 36.0, -16.3, -80.4, -55.6, '\t\tCell [0]:', 108.0, -14.9, -78.5, -55.7, '\t\tCell [1]:', 325.0, -14.7, -77.1, -55.8, '\t\tCell [0]:', '\t\tCell [1]:', '\t\tCell [2]:', '\t\tCell [3]:', '\t\tCell [4]:', '\t\tCell [5]:', '\t\tCell [6]:', '\t\tCell [7]:', '\t\tCell [0]:', '\t\tCell [1]:', '\t\tCell [2]:', '\t\tCell [3]:', '\t\tCell [4]:', '\t\tCell [5]:', '\t\tCell [6]:', '\t\tCell [7]:']","['\tCell [0]:', 106.0, -12.7, -73.1, -43.0, '\tCell [1]:', 109.0, -15.9, -76.7, -53.0, '\tCell [2]:', 131.0, -20.0, -83.2, -54.3, '\tCell [3]:', 281.0, -20.0, -84.0, -53.2, '\tCell [4]:', 128.0, -20.0, -82.8, -53.7]"
2021-11-10T07:37:54.000Z,35.38788476,139.430064,50,-44,-44,-2.5,-106,9,-18,-3.8,-73,287,475,15,eutran-1,deconfigured,106,3750,10,eutran-8,"['\t\tCell [0]:', 36.0, -15.4, -79.4, -56.2, '\t\tCell [1]:', 134.0, -18.4, -81.9, -56.0, '\t\tCell [2]:', 163.0, -17.0, -80.0, -55.0, '\t\tCell [0]:', 108.0, -11.8, -74.7, -55.5, '\t\tCell [1]:', 325.0, -13.8, -75.9, -55.1, '\t\tCell [0]:', '\t\tCell [1]:', '\t\tCell [2]:', '\t\tCell [3]:', '\t\tCell [4]:', '\t\tCell [5]:', '\t\tCell [6]:', '\t\tCell [7]:', '\t\tCell [0]:', '\t\tCell [1]:', '\t\tCell [2]:', '\t\tCell [3]:', '\t\tCell [4]:', '\t\tCell [5]:', '\t\tCell [6]:', '\t\tCell [7]:']","['\tCell [0]:', 106.0, -13.0, -73.0, -41.9, '\tCell [1]:', 188.0, -16.8, -78.1, -53.3, '\tCell [2]:', 196.0, -14.9, -77.3, -53.7, '\tCell [3]:', 128.0, -18.7, -80.4, -53.5, '\tCell [4]:', 34.0, -19.9, -82.0, -54.0, '\tCell [5]:', 163.0, -18.4, -79.0, -52.4, '\tCell [6]:', 131.0, -20.0, -81.9, -53.7]"
2021-11-10T07:38:05.000Z,35.3876655,139.4297238,43,-44,-44,-2.5,-106,9,-12,1.6,-73,287,475,15,eutran-1,deactivated,106,3750,10,eutran-8,[],"['\tCell [0]:', 106.0, -11.7, -72.0, -43.8, '\tCell [1]:', 109.0, -17.5, -79.3, -54.5, '\tCell [2]:', 196.0, -15.8, -78.2, -54.5, '\tCell [3]:', 131.0, -20.0, -81.6, -54.2, '\tCell [4]:', 188.0, -15.7, -77.2, -54.1, '\tCell [5]:', 323.0, -19.3, -80.4, -54.0, '\tCell [6]:', 114.0, -18.8, -81.4, -54.4]"